Position,C,T,G,A
15,"cultivar_A, cultivar_B, cultivar_D, cultivar_E",cultivar_C,,
18,,"cultivar_B, cultivar_C, cultivar_D, cultivar_E",cultivar_A,
42,"cultivar_B, cultivar_C, cultivar_D, cultivar_E",,,cultivar_A
92,"cultivar_A, cultivar_B, cultivar_C, cultivar_D",cultivar_E,,
96,"cultivar_B, cultivar_C, cultivar_D, cultivar_E",,cultivar_A,
104,"cultivar_A, cultivar_B, cultivar_C, cultivar_D",cultivar_E,,
110,,"cultivar_A, cultivar_B, cultivar_C, cultivar_D",,cultivar_E
118,cultivar_C,,,"cultivar_A, cultivar_B, cultivar_D, cultivar_E"
124,,cultivar_D,,"cultivar_A, cultivar_B, cultivar_C, cultivar_E"
128,,,"cultivar_A, cultivar_B, cultivar_C, cultivar_E",cultivar_D
135,"cultivar_B, cultivar_C, cultivar_D, cultivar_E",cultivar_A,,
136,,,"cultivar_A, cultivar_B, cultivar_D, cultivar_E",cultivar_C
149,"cultivar_A, cultivar_B, cultivar_C, cultivar_D",,,cultivar_E
156,,cultivar_C,"cultivar_A, cultivar_B, cultivar_D, cultivar_E",
160,,,"cultivar_A, cultivar_B, cultivar_C, cultivar_D",cultivar_E
185,"cultivar_A, cultivar_B, cultivar_C, cultivar_D",,cultivar_E,
200,,,"cultivar_A, cultivar_C, cultivar_D, cultivar_E",cultivar_B
202,cultivar_D,"cultivar_A, cultivar_B, cultivar_C, cultivar_E",,
268,,,"cultivar_B, cultivar_C, cultivar_D, cultivar_E",cultivar_A
292,"cultivar_A, cultivar_B, cultivar_C, cultivar_D",,cultivar_E,
295,"cultivar_A, cultivar_C, cultivar_D, cultivar_E",,cultivar_B,
310,"cultivar_B, cultivar_C, cultivar_D, cultivar_E",,,cultivar_A
323,,,cultivar_D,"cultivar_A, cultivar_B, cultivar_C, cultivar_E"
328,,cultivar_D,"cultivar_A, cultivar_B, cultivar_C, cultivar_E",
338,"cultivar_B, cultivar_C, cultivar_D, cultivar_E",,cultivar_A,
346,"cultivar_A, cultivar_B, cultivar_C, cultivar_D",cultivar_E,,
353,,"cultivar_B, cultivar_C, cultivar_D, cultivar_E",cultivar_A,
354,cultivar_C,,"cultivar_A, cultivar_B, cultivar_D, cultivar_E",
378,cultivar_B,,"cultivar_A, cultivar_C, cultivar_D, cultivar_E",
381,cultivar_A,,"cultivar_B, cultivar_C, cultivar_D, cultivar_E",
403,,cultivar_B,,"cultivar_A, cultivar_C, cultivar_D, cultivar_E"
413,"cultivar_A, cultivar_B, cultivar_D, cultivar_E",cultivar_C,,
424,cultivar_B,"cultivar_A, cultivar_C, cultivar_D, cultivar_E",,
426,"cultivar_A, cultivar_C, cultivar_D, cultivar_E",,,cultivar_B
443,,cultivar_E,"cultivar_A, cultivar_B, cultivar_C, cultivar_D",
461,,cultivar_E,,"cultivar_A, cultivar_B, cultivar_C, cultivar_D"
463,,"cultivar_A, cultivar_B, cultivar_C, cultivar_E",cultivar_D,
483,,"cultivar_B, cultivar_C, cultivar_D, cultivar_E",cultivar_A,
498,,cultivar_E,,"cultivar_A, cultivar_B, cultivar_C, cultivar_D"
529,,cultivar_C,"cultivar_A, cultivar_B, cultivar_D, cultivar_E",
565,"cultivar_A, cultivar_B, cultivar_C, cultivar_D",,cultivar_E,
568,,cultivar_D,"cultivar_A, cultivar_B, cultivar_C, cultivar_E",
592,,cultivar_C,"cultivar_A, cultivar_B, cultivar_D, cultivar_E",
616,cultivar_E,,"cultivar_A, cultivar_B, cultivar_C, cultivar_D",
626,,,"cultivar_A, cultivar_C, cultivar_D, cultivar_E",cultivar_B
633,"cultivar_B, cultivar_C, cultivar_D, cultivar_E",cultivar_A,,
646,,cultivar_A,"cultivar_B, cultivar_C, cultivar_D, cultivar_E",
655,,cultivar_E,"cultivar_A, cultivar_B, cultivar_C, cultivar_D",
656,"cultivar_A, cultivar_B, cultivar_C, cultivar_E",cultivar_D,,
684,"cultivar_A, cultivar_C, cultivar_D, cultivar_E",,,cultivar_B
704,,,cultivar_E,"cultivar_A, cultivar_B, cultivar_C, cultivar_D"
707,cultivar_E,,"cultivar_A, cultivar_B, cultivar_C, cultivar_D",
716,"cultivar_B, cultivar_C, cultivar_D, cultivar_E",,cultivar_A,
752,,,cultivar_B,"cultivar_A, cultivar_C, cultivar_D, cultivar_E"
791,,"cultivar_A, cultivar_B, cultivar_C",cultivar_E,cultivar_D
805,,cultivar_B,"cultivar_A, cultivar_C, cultivar_D, cultivar_E",
852,"cultivar_B, cultivar_C, cultivar_D, cultivar_E",,,cultivar_A
889,,cultivar_A,"cultivar_B, cultivar_C, cultivar_D, cultivar_E",
905,,"cultivar_A, cultivar_C, cultivar_D, cultivar_E",,cultivar_B
911,"cultivar_B, cultivar_C, cultivar_D",cultivar_A,cultivar_E,
916,cultivar_D,,"cultivar_A, cultivar_B, cultivar_C, cultivar_E",
1042,cultivar_E,,,"cultivar_A, cultivar_B, cultivar_C, cultivar_D"
1076,,cultivar_B,,"cultivar_A, cultivar_C, cultivar_D, cultivar_E"
1085,cultivar_C,,,"cultivar_A, cultivar_B, cultivar_D, cultivar_E"
1106,cultivar_C,,"cultivar_A, cultivar_B, cultivar_D, cultivar_E",
1124,,"cultivar_A, cultivar_B, cultivar_D, cultivar_E",cultivar_C,
1130,,,cultivar_A,"cultivar_B, cultivar_C, cultivar_D, cultivar_E"
1138,"cultivar_A, cultivar_B, cultivar_C, cultivar_E",cultivar_D,,
1141,,,cultivar_A,"cultivar_B, cultivar_C, cultivar_D, cultivar_E"
1199,cultivar_C,,"cultivar_A, cultivar_B, cultivar_D, cultivar_E",
1238,,cultivar_D,,"cultivar_A, cultivar_B, cultivar_C, cultivar_E"
1247,"cultivar_A, cultivar_C, cultivar_D, cultivar_E",,cultivar_B,
1266,"cultivar_A, cultivar_B, cultivar_C, cultivar_E",,cultivar_D,
1294,,,"cultivar_A, cultivar_B, cultivar_C, cultivar_E",cultivar_D
1343,,cultivar_D,,"cultivar_A, cultivar_B, cultivar_C, cultivar_E"
1348,"cultivar_A, cultivar_B, cultivar_D, cultivar_E",cultivar_C,,
1381,cultivar_B,,,"cultivar_A, cultivar_C, cultivar_D, cultivar_E"
1385,,cultivar_D,,"cultivar_A, cultivar_B, cultivar_C, cultivar_E"
1393,"cultivar_A, cultivar_B, cultivar_C, cultivar_E",cultivar_D,,
1401,"cultivar_A, cultivar_B, cultivar_C, cultivar_E",,,cultivar_D
1404,cultivar_B,,"cultivar_A, cultivar_C, cultivar_D, cultivar_E",
1405,"cultivar_A, cultivar_B, cultivar_C, cultivar_E",,cultivar_D,
1409,"cultivar_A, cultivar_B, cultivar_D, cultivar_E",,,cultivar_C
1417,cultivar_B,,,"cultivar_A, cultivar_C, cultivar_D, cultivar_E"
1420,,cultivar_D,,"cultivar_A, cultivar_B, cultivar_C, cultivar_E"
1438,,cultivar_E,"cultivar_A, cultivar_B, cultivar_C, cultivar_D",
1440,"cultivar_A, cultivar_C, cultivar_D, cultivar_E",,cultivar_B,
1511,cultivar_D,,,"cultivar_A, cultivar_B, cultivar_C, cultivar_E"
1536,"cultivar_C, cultivar_D, cultivar_E","cultivar_A, cultivar_B",,
1539,cultivar_D,,"cultivar_A, cultivar_B, cultivar_C, cultivar_E",
1543,"cultivar_A, cultivar_B, cultivar_D, cultivar_E",,,cultivar_C
1617,,,"cultivar_A, cultivar_B, cultivar_D, cultivar_E",cultivar_C
1618,"cultivar_A, cultivar_B, cultivar_D, cultivar_E",cultivar_C,,
1627,"cultivar_A, cultivar_B, cultivar_D, cultivar_E",,,cultivar_C
1666,cultivar_B,,,"cultivar_A, cultivar_C, cultivar_D, cultivar_E"
1679,"cultivar_B, cultivar_C, cultivar_D, cultivar_E",,,cultivar_A
1683,"cultivar_A, cultivar_B, cultivar_D, cultivar_E",,cultivar_C,
1687,"cultivar_A, cultivar_C, cultivar_D, cultivar_E",cultivar_B,,
1781,cultivar_C,"cultivar_A, cultivar_B, cultivar_D, cultivar_E",,
1799,,,cultivar_A,"cultivar_B, cultivar_C, cultivar_D, cultivar_E"
1814,"cultivar_A, cultivar_B, cultivar_D, cultivar_E",,,cultivar_C
1872,,cultivar_C,,"cultivar_A, cultivar_B, cultivar_D, cultivar_E"
1875,,cultivar_A,,"cultivar_B, cultivar_C, cultivar_D, cultivar_E"
1917,,cultivar_B,"cultivar_A, cultivar_C, cultivar_D, cultivar_E",
1930,cultivar_E,"cultivar_A, cultivar_B, cultivar_C, cultivar_D",,
1959,,cultivar_E,,"cultivar_A, cultivar_B, cultivar_C, cultivar_D"
1964,cultivar_E,,,"cultivar_A, cultivar_B, cultivar_C, cultivar_D"
2061,,"cultivar_A, cultivar_C, cultivar_D, cultivar_E",cultivar_B,
2067,,,"cultivar_A, cultivar_B, cultivar_C, cultivar_E",cultivar_D
2069,"cultivar_A, cultivar_C, cultivar_D, cultivar_E",,cultivar_B,
2085,,"cultivar_A, cultivar_C, cultivar_D, cultivar_E",cultivar_B,
2119,,cultivar_A,"cultivar_B, cultivar_C, cultivar_D, cultivar_E",
2129,,"cultivar_A, cultivar_B, cultivar_D, cultivar_E",,cultivar_C
2182,cultivar_E,"cultivar_A, cultivar_B, cultivar_C, cultivar_D",,
2197,,"cultivar_A, cultivar_B, cultivar_D, cultivar_E",,cultivar_C
2207,,"cultivar_A, cultivar_B, cultivar_C, cultivar_E",,cultivar_D
2211,,"cultivar_A, cultivar_B, cultivar_C, cultivar_D",,cultivar_E
2222,,cultivar_B,,"cultivar_A, cultivar_C, cultivar_D, cultivar_E"
2227,cultivar_C,"cultivar_A, cultivar_B, cultivar_D, cultivar_E",,
2240,"cultivar_A, cultivar_B, cultivar_C, cultivar_E",cultivar_D,,
